{"cameraMode":{"drawMode":0,"name":"Shaded","section":"Shading Mode"},"sceneLighting":false,"audioPlay":false,"sceneViewState":{"showFog":false,"showMaterialUpdate":false,"showSkybox":false,"showFlares":false,"showImageEffects":false,"showParticleSystems":false},"in2DMode":false,"pivot":{"x":-3.488325357437134,"y":1.0000001192092896,"z":39.475433349609378},"rotation":{"x":0.2069532573223114,"y":0.019076483324170114,"z":-0.0040361019782722,"w":0.9781566262245178},"size":1.2725049257278443,"orthographic":false}